{
  "version": "2020.1",
  "applications": [],
  "platforms": [
    {
      "name": "design_1_wrapper"
    }
  ],
  "systems": [
    {
      "name": "ADC_CPP_TEST_system",
      "platform": "E:/SoC_Projects/Workspace/design_1_wrapper/export/design_1_wrapper/design_1_wrapper.xpfm",
      "sysConfig": "design_1_wrapper",
      "applications": [
        {
          "name": "ADC_CPP_TEST",
          "platform": "E:/SoC_Projects/Workspace/design_1_wrapper/export/design_1_wrapper/design_1_wrapper.xpfm",
          "platformPath": "E:\\SoC_Projects\\Workspace\\design_1_wrapper\\export\\design_1_wrapper",
          "sysConfig": "design_1_wrapper",
          "domain": "domain_ps7_cortexa9_0",
          "system": "ADC_CPP_TEST_system"
        }
      ],
      "platformPath": "E:\\SoC_Projects\\Workspace\\design_1_wrapper\\export\\design_1_wrapper"
    }
  ],
  "others": []
}